<?xml version="1.0" encoding="UTF-8"?>
<metadata xml:lang="ko"><Esri><CreaDate>20221105</CreaDate><CreaTime>14160800</CreaTime><ArcGISFormat>1.0</ArcGISFormat><SyncOnce>FALSE</SyncOnce><DataProperties><lineage><Process ToolSource="c:\program files\arcgis\desktop10.1\ArcToolbox\Toolboxes\Data Management Tools.tbx\AddField" Date="20150216" Time="181928">AddField C:\Temp\우량_150216.shp name_eng TEXT # # # # NULLABLE NON_REQUIRED #</Process><Process ToolSource="c:\program files\arcgis\desktop10.1\ArcToolbox\Toolboxes\Conversion Tools.tbx\FeatureClassToFeatureClass" Date="20150216" Time="182114">FeatureClassToFeatureClass C:\Temp\우량_150216.shp "D:\gisdata(070727)\표준좌표망\WGS84_경위도_기상청AWS\New Personal Geodatabase.mdb\WGS84_경위도" 우량150216 # "ID "ID" true true false 9 Long 0 9 ,First,#,C:\Temp\우량_150216.shp,ID,-1,-1;X "X" true true false 19 Double 0 0 ,First,#,C:\Temp\우량_150216.shp,X,-1,-1;Y "Y" true true false 19 Double 0 0 ,First,#,C:\Temp\우량_150216.shp,Y,-1,-1;Name "Name" true true false 254 Text 0 0 ,First,#,C:\Temp\우량_150216.shp,Name,-1,-1;name_eng "name_eng" true true false 254 Text 0 0 ,First,#,C:\Temp\우량_150216.shp,name_eng,-1,-1" #</Process><Process ToolSource="c:\program files\arcgis\desktop10.1\ArcToolbox\Toolboxes\Data Management Tools.tbx\AddField" Date="20150216" Time="182553">AddField "D:\gisdata(070727)\표준좌표망\WGS84_경위도_기상청AWS\New Personal Geodatabase.mdb\WGS84_경위도\우량150216" Basin TEXT # # # # NULLABLE NON_REQUIRED #</Process><Process ToolSource="c:\program files\arcgis\desktop10.1\ArcToolbox\Toolboxes\Data Management Tools.tbx\AddField" Date="20150216" Time="182619">AddField "D:\gisdata(070727)\표준좌표망\WGS84_경위도_기상청AWS\New Personal Geodatabase.mdb\WGS84_경위도\우량150216" Address TEXT # # # # NULLABLE NON_REQUIRED #</Process><Process ToolSource="c:\program files\arcgis\desktop10.1\ArcToolbox\Toolboxes\Data Management Tools.tbx\AddField" Date="20150216" Time="182652">AddField "D:\gisdata(070727)\표준좌표망\WGS84_경위도_기상청AWS\New Personal Geodatabase.mdb\WGS84_경위도\우량150216" Elev FLOAT # # # # NULLABLE NON_REQUIRED #</Process><Process ToolSource="c:\program files\arcgis\desktop10.1\ArcToolbox\Toolboxes\Data Management Tools.tbx\AddField" Date="20150216" Time="182714">AddField "D:\gisdata(070727)\표준좌표망\WGS84_경위도_기상청AWS\New Personal Geodatabase.mdb\WGS84_경위도\우량150216" manager TEXT # # # # NULLABLE NON_REQUIRED #</Process><Process ToolSource="c:\program files\arcgis\desktop10.1\ArcToolbox\Toolboxes\Conversion Tools.tbx\FeatureClassToFeatureClass" Date="20150217" Time="110232">FeatureClassToFeatureClass "D:\gisdata(070727)\표준좌표망\WGS84_경위도_기상청AWS\New Personal Geodatabase.mdb\WGS84_경위도\우량_국토부150216" D:\gisdata(150109)\주제도\세계측지계_GRS80.gdb\관측소 우량_한국수문조사연보150216 # "ID "ID" true true false 4 Long 0 0 ,First,#,D:\gisdata(070727)\표준좌표망\WGS84_경위도_기상청AWS\New Personal Geodatabase.mdb\WGS84_경위도\우량_국토부150216,ID,-1,-1;X "X" true true false 8 Double 0 0 ,First,#,D:\gisdata(070727)\표준좌표망\WGS84_경위도_기상청AWS\New Personal Geodatabase.mdb\WGS84_경위도\우량_국토부150216,X,-1,-1;Y "Y" true true false 8 Double 0 0 ,First,#,D:\gisdata(070727)\표준좌표망\WGS84_경위도_기상청AWS\New Personal Geodatabase.mdb\WGS84_경위도\우량_국토부150216,Y,-1,-1;Name "Name" true true false 254 Text 0 0 ,First,#,D:\gisdata(070727)\표준좌표망\WGS84_경위도_기상청AWS\New Personal Geodatabase.mdb\WGS84_경위도\우량_국토부150216,Name,-1,-1;name_eng "name_eng" true true false 254 Text 0 0 ,First,#,D:\gisdata(070727)\표준좌표망\WGS84_경위도_기상청AWS\New Personal Geodatabase.mdb\WGS84_경위도\우량_국토부150216,name_eng,-1,-1;Basin "Basin" true true false 255 Text 0 0 ,First,#,D:\gisdata(070727)\표준좌표망\WGS84_경위도_기상청AWS\New Personal Geodatabase.mdb\WGS84_경위도\우량_국토부150216,Basin,-1,-1;Address "Address" true true false 255 Text 0 0 ,First,#,D:\gisdata(070727)\표준좌표망\WGS84_경위도_기상청AWS\New Personal Geodatabase.mdb\WGS84_경위도\우량_국토부150216,Address,-1,-1;Elev "Elev" true true false 4 Float 0 0 ,First,#,D:\gisdata(070727)\표준좌표망\WGS84_경위도_기상청AWS\New Personal Geodatabase.mdb\WGS84_경위도\우량_국토부150216,Elev,-1,-1;manager "manager" true true false 255 Text 0 0 ,First,#,D:\gisdata(070727)\표준좌표망\WGS84_경위도_기상청AWS\New Personal Geodatabase.mdb\WGS84_경위도\우량_국토부150216,manager,-1,-1" #</Process><Process ToolSource="c:\program files\arcgis\desktop10.1\ArcToolbox\Toolboxes\Conversion Tools.tbx\FeatureClassToFeatureClass" Date="20150408" Time="232912">FeatureClassToFeatureClass D:\gisdata(150109)\주제도\세계측지계_GRS80.gdb\관측소\우량_한국수문조사연보150216 C:\Temp 우량_한국수문연보_150408.shp # "ID "ID" true true false 4 Long 0 0 ,First,#,D:\gisdata(150109)\주제도\세계측지계_GRS80.gdb\관측소\우량_한국수문조사연보150216,ID,-1,-1;X "X" true true false 8 Double 0 0 ,First,#,D:\gisdata(150109)\주제도\세계측지계_GRS80.gdb\관측소\우량_한국수문조사연보150216,X,-1,-1;Y "Y" true true false 8 Double 0 0 ,First,#,D:\gisdata(150109)\주제도\세계측지계_GRS80.gdb\관측소\우량_한국수문조사연보150216,Y,-1,-1;Name "Name" true true false 254 Text 0 0 ,First,#,D:\gisdata(150109)\주제도\세계측지계_GRS80.gdb\관측소\우량_한국수문조사연보150216,Name,-1,-1;name_eng "name_eng" true true false 254 Text 0 0 ,First,#,D:\gisdata(150109)\주제도\세계측지계_GRS80.gdb\관측소\우량_한국수문조사연보150216,name_eng,-1,-1;Basin "Basin" true true false 255 Text 0 0 ,First,#,D:\gisdata(150109)\주제도\세계측지계_GRS80.gdb\관측소\우량_한국수문조사연보150216,Basin,-1,-1;Address "Address" true true false 255 Text 0 0 ,First,#,D:\gisdata(150109)\주제도\세계측지계_GRS80.gdb\관측소\우량_한국수문조사연보150216,Address,-1,-1;Elev "Elev" true true false 4 Float 0 0 ,First,#,D:\gisdata(150109)\주제도\세계측지계_GRS80.gdb\관측소\우량_한국수문조사연보150216,Elev,-1,-1;manager "manager" true true false 255 Text 0 0 ,First,#,D:\gisdata(150109)\주제도\세계측지계_GRS80.gdb\관측소\우량_한국수문조사연보150216,manager,-1,-1" #</Process><Process ToolSource="c:\program files\arcgis\desktop10.1\ArcToolbox\Toolboxes\Data Management Tools.tbx\AddField" Date="20150408" Time="233031">AddField C:\Temp\우량_한국수문연보_150408.shp NAME2 TEXT # # # # NULLABLE NON_REQUIRED #</Process><Process ToolSource="c:\program files\arcgis\desktop10.1\ArcToolbox\Toolboxes\Conversion Tools.tbx\FeatureClassToFeatureClass" Date="20150408" Time="235327">FeatureClassToFeatureClass C:\Temp\우량_한국수문연보_150408.shp D:\gisdata(150109)\주제도\세계측지계_GRS80.gdb\관측소 우량_한국수문연보_150408 # "ID "ID" true true false 9 Long 0 9 ,First,#,C:\Temp\우량_한국수문연보_150408.shp,ID,-1,-1;X "X" true true false 19 Double 0 0 ,First,#,C:\Temp\우량_한국수문연보_150408.shp,X,-1,-1;Y "Y" true true false 19 Double 0 0 ,First,#,C:\Temp\우량_한국수문연보_150408.shp,Y,-1,-1;Name "Name" true true false 254 Text 0 0 ,First,#,C:\Temp\우량_한국수문연보_150408.shp,Name,-1,-1;name_eng "name_eng" true true false 254 Text 0 0 ,First,#,C:\Temp\우량_한국수문연보_150408.shp,name_eng,-1,-1;Basin "Basin" true true false 254 Text 0 0 ,First,#,C:\Temp\우량_한국수문연보_150408.shp,Basin,-1,-1;Address "Address" true true false 254 Text 0 0 ,First,#,C:\Temp\우량_한국수문연보_150408.shp,Address,-1,-1;Elev "Elev" true true false 13 Float 0 0 ,First,#,C:\Temp\우량_한국수문연보_150408.shp,Elev,-1,-1;manager "manager" true true false 254 Text 0 0 ,First,#,C:\Temp\우량_한국수문연보_150408.shp,manager,-1,-1;NAME2 "NAME2" true true false 254 Text 0 0 ,First,#,C:\Temp\우량_한국수문연보_150408.shp,NAME2,-1,-1" #</Process><Process ToolSource="d:\program files\arcgis\desktop10.1\ArcToolbox\Toolboxes\Conversion Tools.tbx\FeatureClassToFeatureClass" Date="20190508" Time="111807">FeatureClassToFeatureClass C:\TEMP\우량_kwater_190429.shp D:\gisdata(150109)\주제도\세계측지계_GRS80.gdb\관측소_190508 우량_kwater_190508 # "OBJECTID "OBJECTID" true true false 9 Long 0 9 ,First,#,C:\TEMP\우량_kwater_190429.shp,OBJECTID,-1,-1;ID "ID" true true false 9 Long 0 9 ,First,#,C:\TEMP\우량_kwater_190429.shp,ID,-1,-1;X "X" true true false 19 Double 0 0 ,First,#,C:\TEMP\우량_kwater_190429.shp,X,-1,-1;Y "Y" true true false 19 Double 0 0 ,First,#,C:\TEMP\우량_kwater_190429.shp,Y,-1,-1;Name "Name" true true false 254 Text 0 0 ,First,#,C:\TEMP\우량_kwater_190429.shp,Name,-1,-1;name_eng "name_eng" true true false 254 Text 0 0 ,First,#,C:\TEMP\우량_kwater_190429.shp,name_eng,-1,-1;Basin "Basin" true true false 254 Text 0 0 ,First,#,C:\TEMP\우량_kwater_190429.shp,Basin,-1,-1;Address "Address" true true false 254 Text 0 0 ,First,#,C:\TEMP\우량_kwater_190429.shp,Address,-1,-1;Elev "Elev" true true false 13 Float 0 0 ,First,#,C:\TEMP\우량_kwater_190429.shp,Elev,-1,-1;manager "manager" true true false 254 Text 0 0 ,First,#,C:\TEMP\우량_kwater_190429.shp,manager,-1,-1;name_old "name_old" true true false 50 Text 0 0 ,First,#,C:\TEMP\우량_kwater_190429.shp,name_old,-1,-1" #</Process><Process ToolSource="d:\program files\arcgis\desktop10.1\ArcToolbox\Toolboxes\Conversion Tools.tbx\FeatureClassToFeatureClass" Date="20190814" Time="110655">FeatureClassToFeatureClass C:\TEMP\우량_kwater_190814.shp D:\gisdata(150109)\주제도\세계측지계_GRS80.gdb\관측소_190508 우량_kwater_190814 # "OBJECTID_1 "OBJECTID_1" true true false 9 Long 0 9 ,First,#,C:\TEMP\우량_kwater_190814.shp,OBJECTID_1,-1,-1;OBJECTID "OBJECTID" true true false 9 Long 0 9 ,First,#,C:\TEMP\우량_kwater_190814.shp,OBJECTID,-1,-1;ID "ID" true true false 9 Long 0 9 ,First,#,C:\TEMP\우량_kwater_190814.shp,ID,-1,-1;X "X" true true false 19 Double 0 0 ,First,#,C:\TEMP\우량_kwater_190814.shp,X,-1,-1;Y "Y" true true false 19 Double 0 0 ,First,#,C:\TEMP\우량_kwater_190814.shp,Y,-1,-1;Name "Name" true true false 254 Text 0 0 ,First,#,C:\TEMP\우량_kwater_190814.shp,Name,-1,-1;name_eng "name_eng" true true false 254 Text 0 0 ,First,#,C:\TEMP\우량_kwater_190814.shp,name_eng,-1,-1;Basin "Basin" true true false 254 Text 0 0 ,First,#,C:\TEMP\우량_kwater_190814.shp,Basin,-1,-1;Address "Address" true true false 254 Text 0 0 ,First,#,C:\TEMP\우량_kwater_190814.shp,Address,-1,-1;Elev "Elev" true true false 13 Float 0 0 ,First,#,C:\TEMP\우량_kwater_190814.shp,Elev,-1,-1;manager "manager" true true false 254 Text 0 0 ,First,#,C:\TEMP\우량_kwater_190814.shp,manager,-1,-1;name_old "name_old" true true false 50 Text 0 0 ,First,#,C:\TEMP\우량_kwater_190814.shp,name_old,-1,-1" #</Process><Process ToolSource="d:\program files (x86)\arcgis\desktop10.1\ArcToolbox\Toolboxes\Conversion Tools.tbx\FeatureClassToFeatureClass" Date="20210326" Time="130605">FeatureClassToFeatureClass D:\gisdata(150109)\주제도\세계측지계_GRS80.gdb\관측소_190508\우량_kwater_201104 D:\gisdata(150109)\주제도\세계측지계_GRS80.gdb\관측소_210326 우량_kwater_210326 # "OBJECTID_1 "OBJECTID_1" true true false 4 Long 0 0 ,First,#,D:\gisdata(150109)\주제도\세계측지계_GRS80.gdb\관측소_190508\우량_kwater_201104,OBJECTID_1,-1,-1;OBJECTID "OBJECTID" true true false 4 Long 0 0 ,First,#,D:\gisdata(150109)\주제도\세계측지계_GRS80.gdb\관측소_190508\우량_kwater_201104,OBJECTID,-1,-1;ID "ID" true true false 4 Long 0 0 ,First,#,D:\gisdata(150109)\주제도\세계측지계_GRS80.gdb\관측소_190508\우량_kwater_201104,ID,-1,-1;X "X" true true false 8 Double 0 0 ,First,#,D:\gisdata(150109)\주제도\세계측지계_GRS80.gdb\관측소_190508\우량_kwater_201104,X,-1,-1;Y "Y" true true false 8 Double 0 0 ,First,#,D:\gisdata(150109)\주제도\세계측지계_GRS80.gdb\관측소_190508\우량_kwater_201104,Y,-1,-1;Name "Name" true true false 254 Text 0 0 ,First,#,D:\gisdata(150109)\주제도\세계측지계_GRS80.gdb\관측소_190508\우량_kwater_201104,Name,-1,-1;name_eng "name_eng" true true false 254 Text 0 0 ,First,#,D:\gisdata(150109)\주제도\세계측지계_GRS80.gdb\관측소_190508\우량_kwater_201104,name_eng,-1,-1;Basin "Basin" true true false 254 Text 0 0 ,First,#,D:\gisdata(150109)\주제도\세계측지계_GRS80.gdb\관측소_190508\우량_kwater_201104,Basin,-1,-1;Address "Address" true true false 254 Text 0 0 ,First,#,D:\gisdata(150109)\주제도\세계측지계_GRS80.gdb\관측소_190508\우량_kwater_201104,Address,-1,-1;Elev "Elev" true true false 4 Float 0 0 ,First,#,D:\gisdata(150109)\주제도\세계측지계_GRS80.gdb\관측소_190508\우량_kwater_201104,Elev,-1,-1;manager "manager" true true false 254 Text 0 0 ,First,#,D:\gisdata(150109)\주제도\세계측지계_GRS80.gdb\관측소_190508\우량_kwater_201104,manager,-1,-1;name_old "name_old" true true false 50 Text 0 0 ,First,#,D:\gisdata(150109)\주제도\세계측지계_GRS80.gdb\관측소_190508\우량_kwater_201104,name_old,-1,-1" #</Process><Process ToolSource="d:\program files (x86)\arcgis\desktop10.1\ArcToolbox\Toolboxes\Data Management Tools.tbx\AddXY" Date="20220204" Time="150257">AddXY D:\gisdata(150109)\주제도\세계측지계_GRS80.gdb\관측소_210326\우량_kwater_210706</Process><Process ToolSource="d:\program files (x86)\arcgis\desktop10.1\ArcToolbox\Toolboxes\Data Management Tools.tbx\AddXY" Date="20221021" Time="160208">AddXY D:\gisdata(150109)\주제도\세계측지계_GRS80.gdb\관측소_220510\우량_kwater_221021</Process><Process ToolSource="d:\program files (x86)\arcgis\desktop10.1\ArcToolbox\Toolboxes\Data Management Tools.tbx\AddXY" Date="20221021" Time="160243">AddXY D:\gisdata(150109)\주제도\세계측지계_GRS80.gdb\관측소_220510\우량_kwater_221021</Process><Process ToolSource="d:\program files (x86)\arcgis\desktop10.1\ArcToolbox\Toolboxes\Data Management Tools.tbx\CopyFeatures" Date="20221021" Time="170056">CopyFeatures D:\gisdata(150109)\주제도\세계측지계_GRS80.gdb\관측소_221021\우량_kwater_221021 C:\Tmp\관측소_221021\우량_kwater_221021.shp # 0 0 0</Process></lineage><itemProps><itemName Sync="TRUE">우량_kwater_221021</itemName><imsContentType Sync="TRUE">002</imsContentType><itemLocation><linkage Sync="TRUE">file://\\신철균\C\Tmp\관측소_221021\우량_kwater_221021.shp</linkage><protocol Sync="TRUE">Local Area Network</protocol></itemLocation><itemSize Sync="TRUE">0.000</itemSize></itemProps><coordRef><type Sync="TRUE">Projected</type><geogcsn Sync="TRUE">GCS_ITRF_2000</geogcsn><csUnits Sync="TRUE">Linear Unit: Meter (1.000000)</csUnits><peXml Sync="TRUE">&lt;ProjectedCoordinateSystem xsi:type='typens:ProjectedCoordinateSystem' xmlns:xsi='http://www.w3.org/2001/XMLSchema-instance' xmlns:xs='http://www.w3.org/2001/XMLSchema' xmlns:typens='http://www.esri.com/schemas/ArcGIS/10.1'&gt;&lt;WKT&gt;PROJCS[&amp;quot;PCS_ITRF2000_TM&amp;quot;,GEOGCS[&amp;quot;GCS_ITRF_2000&amp;quot;,DATUM[&amp;quot;D_ITRF_2000&amp;quot;,SPHEROID[&amp;quot;GRS_1980&amp;quot;,6378137.0,298.257222101]],PRIMEM[&amp;quot;Greenwich&amp;quot;,0.0],UNIT[&amp;quot;Degree&amp;quot;,0.0174532925199433]],PROJECTION[&amp;quot;Transverse_Mercator&amp;quot;],PARAMETER[&amp;quot;False_Easting&amp;quot;,200000.0],PARAMETER[&amp;quot;False_Northing&amp;quot;,500000.0],PARAMETER[&amp;quot;Central_Meridian&amp;quot;,127.0],PARAMETER[&amp;quot;Scale_Factor&amp;quot;,1.0],PARAMETER[&amp;quot;Latitude_Of_Origin&amp;quot;,38.0],UNIT[&amp;quot;Meter&amp;quot;,1.0]]&lt;/WKT&gt;&lt;XOrigin&gt;-5423200&lt;/XOrigin&gt;&lt;YOrigin&gt;-13709600&lt;/YOrigin&gt;&lt;XYScale&gt;450265407.00157917&lt;/XYScale&gt;&lt;ZOrigin&gt;-100000&lt;/ZOrigin&gt;&lt;ZScale&gt;10000&lt;/ZScale&gt;&lt;MOrigin&gt;-100000&lt;/MOrigin&gt;&lt;MScale&gt;10000&lt;/MScale&gt;&lt;XYTolerance&gt;0.001&lt;/XYTolerance&gt;&lt;ZTolerance&gt;0.001&lt;/ZTolerance&gt;&lt;MTolerance&gt;0.001&lt;/MTolerance&gt;&lt;HighPrecision&gt;true&lt;/HighPrecision&gt;&lt;/ProjectedCoordinateSystem&gt;</peXml><projcsn Sync="TRUE">PCS_ITRF2000_TM</projcsn></coordRef></DataProperties><SyncDate>20221021</SyncDate><SyncTime>17005600</SyncTime><ModDate>20221021</ModDate><ModTime>17005600</ModTime></Esri><dataIdInfo><envirDesc Sync="TRUE"> Version 6.2 (Build 9200) ; Esri ArcGIS 10.1.0.3035</envirDesc><dataLang><languageCode value="kor" Sync="TRUE"></languageCode><countryCode value="KOR" Sync="TRUE"></countryCode></dataLang><idCitation><resTitle Sync="TRUE">우량_kwater_221021</resTitle><presForm><PresFormCd value="005" Sync="TRUE"></PresFormCd></presForm></idCitation><spatRpType><SpatRepTypCd value="001" Sync="TRUE"></SpatRepTypCd></spatRpType></dataIdInfo><mdLang><languageCode value="kor" Sync="TRUE"></languageCode><countryCode value="KOR" Sync="TRUE"></countryCode></mdLang><mdChar><CharSetCd value="004" Sync="TRUE"></CharSetCd></mdChar><distInfo><distFormat><formatName Sync="TRUE">Shapefile</formatName></distFormat><distTranOps><transSize Sync="TRUE">0.000</transSize></distTranOps></distInfo><mdHrLv><ScopeCd value="005" Sync="TRUE"></ScopeCd></mdHrLv><mdHrLvName Sync="TRUE">dataset</mdHrLvName><refSysInfo><RefSystem><refSysID><identCode code="4326" Sync="TRUE" value="0"></identCode><idCodeSpace Sync="TRUE">EPSG</idCodeSpace><idVersion Sync="TRUE">7.9.4</idVersion></refSysID></RefSystem></refSysInfo><spatRepInfo><VectSpatRep><geometObjs Name="우량_kwater_221021"><geoObjTyp><GeoObjTypCd value="004" Sync="TRUE"></GeoObjTypCd></geoObjTyp><geoObjCnt Sync="TRUE">0</geoObjCnt></geometObjs><topLvl><TopoLevCd value="001" Sync="TRUE"></TopoLevCd></topLvl></VectSpatRep></spatRepInfo><spdoinfo><ptvctinf><esriterm Name="우량_kwater_221021"><efeatyp Sync="TRUE">Simple</efeatyp><efeageom code="1" Sync="TRUE"></efeageom><esritopo Sync="TRUE">FALSE</esritopo><efeacnt Sync="TRUE">0</efeacnt><spindex Sync="TRUE">FALSE</spindex><linrefer Sync="TRUE">FALSE</linrefer></esriterm></ptvctinf></spdoinfo><eainfo><detailed Name="우량_kwater_221021"><enttyp><enttypl Sync="TRUE">우량_kwater_221021</enttypl><enttypt Sync="TRUE">Feature Class</enttypt><enttypc Sync="TRUE">0</enttypc></enttyp><attr><attrlabl Sync="TRUE">FID</attrlabl><attalias Sync="TRUE">FID</attalias><attrtype Sync="TRUE">OID</attrtype><attwidth Sync="TRUE">4</attwidth><atprecis Sync="TRUE">0</atprecis><attscale Sync="TRUE">0</attscale><attrdef Sync="TRUE">Internal feature number.</attrdef><attrdefs Sync="TRUE">Esri</attrdefs><attrdomv><udom Sync="TRUE">Sequential unique whole numbers that are automatically generated.</udom></attrdomv></attr><attr><attrlabl Sync="TRUE">OBJECTID</attrlabl><attalias Sync="TRUE">OBJECTID</attalias><attrtype Sync="TRUE">Integer</attrtype><attwidth Sync="TRUE">9</attwidth><atprecis Sync="TRUE">9</atprecis><attscale Sync="TRUE">0</attscale><attrdef Sync="TRUE">Internal feature number.</attrdef><attrdefs Sync="TRUE">Esri</attrdefs><attrdomv><udom Sync="TRUE">Sequential unique whole numbers that are automatically generated.</udom></attrdomv></attr><attr><attrlabl Sync="TRUE">OBJECTID_2</attrlabl><attalias Sync="TRUE">OBJECTID_2</attalias><attrtype Sync="TRUE">Integer</attrtype><attwidth Sync="TRUE">9</attwidth><atprecis Sync="TRUE">9</atprecis><attscale Sync="TRUE">0</attscale></attr><attr><attrlabl Sync="TRUE">Shape</attrlabl><attalias Sync="TRUE">Shape</attalias><attrtype Sync="TRUE">Geometry</attrtype><attwidth Sync="TRUE">0</attwidth><atprecis Sync="TRUE">0</atprecis><attscale Sync="TRUE">0</attscale><attrdef Sync="TRUE">Feature geometry.</attrdef><attrdefs Sync="TRUE">Esri</attrdefs><attrdomv><udom Sync="TRUE">Coordinates defining the features.</udom></attrdomv></attr><attr><attrlabl Sync="TRUE">ID</attrlabl><attalias Sync="TRUE">ID</attalias><attrtype Sync="TRUE">Integer</attrtype><attwidth Sync="TRUE">9</attwidth><atprecis Sync="TRUE">9</atprecis><attscale Sync="TRUE">0</attscale></attr><attr><attrlabl Sync="TRUE">X</attrlabl><attalias Sync="TRUE">X</attalias><attrtype Sync="TRUE">Double</attrtype><attwidth Sync="TRUE">19</attwidth><atprecis Sync="TRUE">0</atprecis><attscale Sync="TRUE">0</attscale></attr><attr><attrlabl Sync="TRUE">Y</attrlabl><attalias Sync="TRUE">Y</attalias><attrtype Sync="TRUE">Double</attrtype><attwidth Sync="TRUE">19</attwidth><atprecis Sync="TRUE">0</atprecis><attscale Sync="TRUE">0</attscale></attr><attr><attrlabl Sync="TRUE">Name</attrlabl><attalias Sync="TRUE">Name</attalias><attrtype Sync="TRUE">String</attrtype><attwidth Sync="TRUE">254</attwidth><atprecis Sync="TRUE">0</atprecis><attscale Sync="TRUE">0</attscale></attr><attr><attrlabl Sync="TRUE">name_eng</attrlabl><attalias Sync="TRUE">name_eng</attalias><attrtype Sync="TRUE">String</attrtype><attwidth Sync="TRUE">254</attwidth><atprecis Sync="TRUE">0</atprecis><attscale Sync="TRUE">0</attscale></attr><attr><attrlabl Sync="TRUE">Basin</attrlabl><attalias Sync="TRUE">Basin</attalias><attrtype Sync="TRUE">String</attrtype><attwidth Sync="TRUE">254</attwidth><atprecis Sync="TRUE">0</atprecis><attscale Sync="TRUE">0</attscale></attr><attr><attrlabl Sync="TRUE">Address</attrlabl><attalias Sync="TRUE">Address</attalias><attrtype Sync="TRUE">String</attrtype><attwidth Sync="TRUE">254</attwidth><atprecis Sync="TRUE">0</atprecis><attscale Sync="TRUE">0</attscale></attr><attr><attrlabl Sync="TRUE">Elev</attrlabl><attalias Sync="TRUE">Elev</attalias><attrtype Sync="TRUE">Single</attrtype><attwidth Sync="TRUE">13</attwidth><atprecis Sync="TRUE">0</atprecis><attscale Sync="TRUE">0</attscale></attr><attr><attrlabl Sync="TRUE">manager</attrlabl><attalias Sync="TRUE">manager</attalias><attrtype Sync="TRUE">String</attrtype><attwidth Sync="TRUE">254</attwidth><atprecis Sync="TRUE">0</atprecis><attscale Sync="TRUE">0</attscale></attr><attr><attrlabl Sync="TRUE">name_old</attrlabl><attalias Sync="TRUE">name_old</attalias><attrtype Sync="TRUE">String</attrtype><attwidth Sync="TRUE">50</attwidth><atprecis Sync="TRUE">0</atprecis><attscale Sync="TRUE">0</attscale></attr><attr><attrlabl Sync="TRUE">POINT_X</attrlabl><attalias Sync="TRUE">POINT_X</attalias><attrtype Sync="TRUE">Double</attrtype><attwidth Sync="TRUE">19</attwidth><atprecis Sync="TRUE">0</atprecis><attscale Sync="TRUE">0</attscale></attr><attr><attrlabl Sync="TRUE">POINT_Y</attrlabl><attalias Sync="TRUE">POINT_Y</attalias><attrtype Sync="TRUE">Double</attrtype><attwidth Sync="TRUE">19</attwidth><atprecis Sync="TRUE">0</atprecis><attscale Sync="TRUE">0</attscale></attr></detailed></eainfo><mdDateSt Sync="TRUE">20221021</mdDateSt></metadata>
